{
  "Model data": {
    "name": "GDZ_GINE_KHOP",
    "seed": 42,
    "head_type": "dino",
    "training_time_seconds": 142637.565878,
    "training_time_hours": 39.62154607722222,
    "timestamp": "2026-04-09T09:46:26.099238"
  },
  "DINO_data": {
    "data_path": "data/zinc/zinc_data",
    "best_loss": 3.7834243139593036,
    "best_epoch": 33,
    "final_loss": 4.852030815046602,
    "total_epochs": 200,
    "collapse_warning_epochs": [
      2,
      3,
      4,
      5,
      6,
      7,
      8,
      9,
      10,
      11,
      12,
      13,
      14,
      15,
      16,
      17,
      18,
      19,
      20,
      21,
      22,
      23,
      34,
      39,
      40,
      41,
      42,
      44,
      45,
      46,
      47,
      48,
      49,
      60,
      61,
      64,
      65,
      66,
      67,
      68,
      69,
      70,
      71,
      72,
      73,
      74,
      75,
      76,
      77,
      78,
      79,
      80,
      81,
      82,
      83,
      84,
      85,
      86,
      87,
      88,
      89,
      90,
      91,
      92,
      93,
      94,
      95,
      96,
      97,
      98,
      99,
      100,
      101,
      102,
      103,
      104,
      105,
      106,
      107,
      108,
      109,
      110,
      111,
      112,
      113,
      114,
      115,
      116,
      117,
      118,
      119,
      120,
      121,
      122,
      123,
      124,
      125,
      126,
      127,
      128,
      129,
      130,
      131,
      132,
      133,
      134,
      135,
      136,
      137,
      138,
      139,
      140,
      141,
      142,
      143,
      144,
      145,
      146,
      147,
      148,
      149,
      150,
      151,
      152,
      153,
      154,
      155,
      156,
      157,
      158,
      159,
      160,
      161,
      162,
      163,
      164,
      165,
      166,
      167,
      168,
      169,
      170,
      171,
      172,
      173,
      174,
      175,
      176,
      177,
      178,
      179,
      180,
      181,
      182,
      183,
      184,
      185,
      186,
      187,
      188,
      189,
      190,
      191,
      192,
      193,
      194,
      195,
      196,
      197,
      198,
      199,
      200
    ],
    "collapse_warning_count": 172,
    "first_collapse_warning_epoch": 2
  },
  "Online_eval_data": {
    "total_evaluated_epochs": 200,
    "top_k_retained": 5,
    "fixed_k": 5,
    "every_n_epochs": 1,
    "top_eval_checkpoints": [
      {
        "epoch": 27,
        "score": 0.488496563657131,
        "ssl_train_loss": 4.467659092526573,
        "checkpoint_path": "./models/GDZ_GINE_KHOP/checkpoints/checkpoint_online_eval_epoch_27.pth",
        "metric_definition": "mean(validation primary metric across datasets)",
        "datasets": [
          "lipo"
        ]
      },
      {
        "epoch": 23,
        "score": 0.4359055306612123,
        "ssl_train_loss": 4.8434290698364535,
        "checkpoint_path": "./models/GDZ_GINE_KHOP/checkpoints/checkpoint_online_eval_epoch_23.pth",
        "metric_definition": "mean(validation primary metric across datasets)",
        "datasets": [
          "lipo"
        ]
      },
      {
        "epoch": 28,
        "score": 0.4094508788703012,
        "ssl_train_loss": 4.588547554391234,
        "checkpoint_path": "./models/GDZ_GINE_KHOP/checkpoints/checkpoint_online_eval_epoch_28.pth",
        "metric_definition": "mean(validation primary metric across datasets)",
        "datasets": [
          "lipo"
        ]
      },
      {
        "epoch": 30,
        "score": 0.4086222069745722,
        "ssl_train_loss": 4.750674014372833,
        "checkpoint_path": "./models/GDZ_GINE_KHOP/checkpoints/checkpoint_online_eval_epoch_30.pth",
        "metric_definition": "mean(validation primary metric across datasets)",
        "datasets": [
          "lipo"
        ]
      },
      {
        "epoch": 32,
        "score": 0.4058818684090566,
        "ssl_train_loss": 4.3195658319836845,
        "checkpoint_path": "./models/GDZ_GINE_KHOP/checkpoints/checkpoint_online_eval_epoch_32.pth",
        "metric_definition": "mean(validation primary metric across datasets)",
        "datasets": [
          "lipo"
        ]
      }
    ],
    "best_epoch": 27,
    "best_aggregate_primary_score": 0.488496563657131
  }
}