{
  "Model data": {
    "name": "GINE_DINO_regression",
    "seed": 42,
    "head_type": "regression",
    "training_time_seconds": 177.603817,
    "training_time_hours": 0.04933439361111111,
    "timestamp": "2026-03-06T10:45:10.287616"
  },
  "Regression_data": {
    "total_epochs": 41,
    "final_metrics": {
      "epoch": 40,
      "test_mse": 1.0027403831481934,
      "test_rmse": 1.001369254145639,
      "test_r2": 0.7611072063446045
    },
    "best_val_mse": 0.8330618143081665,
    "best_val_epoch": 40
  }
}