{
  "model_name": "GINE_DINO_regression",
  "data_path": "data/delaney-processed.csv",
  "head_type": "regression",
  "seed": 42,
  "best_loss": 1.6356521368026733,
  "best_epoch": 30,
  "final_loss": 1.7618877410888671,
  "total_epochs": 40,
  "training_time_seconds": 77.025216,
  "training_time_hours": 0.021395893333333332,
  "timestamp": "2026-02-26T10:51:38.184616",
  "best_val_loss": 1.4132137298583984,
  "best_val_epoch": 12,
  "final_val_loss": 1.4813576936721802,
  "best_test_loss": 1.572566032409668,
  "best_test_epoch": 40,
  "final_test_loss": 1.572566032409668
}