{
  "model_name": "GINE_random_regression",
  "data_path": "data/delaney-processed.csv",
  "head_type": "regression",
  "seed": 42,
  "best_loss": 0.6813973506291707,
  "best_epoch": 37,
  "final_loss": 0.7229930599530537,
  "total_epochs": 40,
  "training_time_seconds": 77.129393,
  "training_time_hours": 0.021424831388888888,
  "timestamp": "2026-02-26T10:51:38.195496",
  "best_val_loss": 0.5931117832660675,
  "best_val_epoch": 32,
  "final_val_loss": 0.615049883723259,
  "best_test_loss": 0.38427308201789856,
  "best_test_epoch": 40,
  "final_test_loss": 0.38427308201789856
}