{
  "Model data": {
    "name": "GDZ_GAT_KHOP",
    "seed": 42,
    "head_type": "dino",
    "training_time_seconds": 144386.151539,
    "training_time_hours": 40.10726431638889,
    "timestamp": "2026-04-09T10:55:25.033008"
  },
  "DINO_data": {
    "data_path": "data/zinc/zinc_data",
    "best_loss": 4.851555743845076,
    "best_epoch": 2,
    "final_loss": 4.852030630732088,
    "total_epochs": 200,
    "collapse_warning_epochs": [
      2,
      3,
      4,
      5,
      6,
      7,
      8,
      9,
      10,
      11,
      12,
      13,
      14,
      15,
      16,
      17,
      18,
      19,
      20,
      21,
      22,
      23,
      24,
      25,
      26,
      27,
      28,
      29,
      30,
      31,
      32,
      33,
      34,
      35,
      36,
      37,
      38,
      39,
      40,
      41,
      42,
      43,
      44,
      45,
      46,
      47,
      48,
      49,
      50,
      51,
      52,
      53,
      54,
      55,
      56,
      57,
      58,
      59,
      60,
      61,
      62,
      63,
      64,
      65,
      66,
      67,
      68,
      69,
      70,
      71,
      72,
      73,
      74,
      75,
      76,
      77,
      78,
      79,
      80,
      81,
      82,
      83,
      84,
      85,
      86,
      87,
      88,
      89,
      90,
      91,
      92,
      93,
      94,
      95,
      96,
      97,
      98,
      99,
      100,
      101,
      102,
      103,
      104,
      105,
      106,
      107,
      108,
      109,
      110,
      111,
      112,
      113,
      114,
      115,
      116,
      117,
      118,
      119,
      120,
      121,
      122,
      123,
      124,
      125,
      126,
      127,
      128,
      129,
      130,
      131,
      132,
      133,
      134,
      135,
      136,
      137,
      138,
      139,
      140,
      141,
      142,
      143,
      144,
      145,
      146,
      147,
      148,
      149,
      150,
      151,
      152,
      153,
      154,
      155,
      156,
      157,
      158,
      159,
      160,
      161,
      162,
      163,
      164,
      165,
      166,
      167,
      168,
      169,
      170,
      171,
      172,
      173,
      174,
      175,
      176,
      177,
      178,
      179,
      180,
      181,
      182,
      183,
      184,
      185,
      186,
      187,
      188,
      189,
      190,
      191,
      192,
      193,
      194,
      195,
      196,
      197,
      198,
      199,
      200
    ],
    "collapse_warning_count": 199,
    "first_collapse_warning_epoch": 2
  },
  "Online_eval_data": {
    "total_evaluated_epochs": 200,
    "top_k_retained": 5,
    "fixed_k": 5,
    "every_n_epochs": 1,
    "top_eval_checkpoints": [
      {
        "epoch": 13,
        "score": 0.3715144228094234,
        "ssl_train_loss": 4.852018456956803,
        "checkpoint_path": "./models/GDZ_GAT_KHOP/checkpoints/checkpoint_online_eval_epoch_13.pth",
        "metric_definition": "mean(validation primary metric across datasets)",
        "datasets": [
          "lipo"
        ]
      },
      {
        "epoch": 1,
        "score": 0.3643288746134582,
        "ssl_train_loss": 4.913047157870479,
        "checkpoint_path": "./models/GDZ_GAT_KHOP/checkpoints/checkpoint_online_eval_epoch_1.pth",
        "metric_definition": "mean(validation primary metric across datasets)",
        "datasets": [
          "lipo"
        ]
      },
      {
        "epoch": 24,
        "score": 0.35758663230101007,
        "ssl_train_loss": 4.852028227790221,
        "checkpoint_path": "./models/GDZ_GAT_KHOP/checkpoints/checkpoint_online_eval_epoch_24.pth",
        "metric_definition": "mean(validation primary metric across datasets)",
        "datasets": [
          "lipo"
        ]
      },
      {
        "epoch": 17,
        "score": 0.3546350327626754,
        "ssl_train_loss": 4.8520084509510495,
        "checkpoint_path": "./models/GDZ_GAT_KHOP/checkpoints/checkpoint_online_eval_epoch_17.pth",
        "metric_definition": "mean(validation primary metric across datasets)",
        "datasets": [
          "lipo"
        ]
      },
      {
        "epoch": 19,
        "score": 0.35393917544642683,
        "ssl_train_loss": 4.852019478802241,
        "checkpoint_path": "./models/GDZ_GAT_KHOP/checkpoints/checkpoint_online_eval_epoch_19.pth",
        "metric_definition": "mean(validation primary metric across datasets)",
        "datasets": [
          "lipo"
        ]
      }
    ],
    "best_epoch": 13,
    "best_aggregate_primary_score": 0.3715144228094234
  }
}